Epoch,Average_Meta_Loss
1,4.027262210845947
2,3.2669408321380615
3,2.069124221801758
4,3.664057970046997
5,7.570862770080566
6,0.1843271553516388
7,1.3454704284667969
8,0.45008721947669983
9,2.685976505279541
