Epoch,Average_Meta_Loss
1,0.8219848275184631
2,0.6657585501670837
3,0.23366443812847137
4,0.2818697392940521
5,0.2150396704673767
6,0.5111182928085327
7,0.5032588839530945
