Epoch,Average_Meta_Loss
1,2.77284574508667
2,2.77315092086792
3,2.7736148834228516
4,2.773200273513794
5,2.7735018730163574
6,2.7734923362731934
7,2.7734627723693848
8,2.7737114429473877
9,2.773040771484375
10,2.7735042572021484
11,2.7741994857788086
12,2.773508071899414
13,2.773042678833008
14,2.773273468017578
15,2.773650646209717
16,2.773714542388916
